"guid","name"
"2a80a4d0-6ad2-451a-b66a-0beffa17c5d4","tkp"
"5ebad161-982e-4d7c-b36d-4777491d2515","pending"
"2391be5e-299e-4742-a8c6-dfe0b43035bd","evaapp"
"4d49f96c-9f1d-49f1-95c9-6848c6231386","rk"
"74fb43ee-413b-4cb4-b697-c7a5a7bbfb86","nasap"
"8ed93271-b2ed-473a-8b8b-8a2b914dadbf","starchildapp"
"557ec193-b264-41c4-89ba-ec654e273ef5","tonersaver"
"025c0962-4d9c-4b16-82c5-67d8044f59d7","studiovoice.jp"
"468ac4f7-1cab-4b22-b5fb-fa8433153dc8","Hiring"
"80394c28-2ee0-4e97-8ed9-1af76acd5db3","A&L"
"75217fde-c4e4-4806-8d2d-c20be1ec8637","che"
"61640ccc-71a8-4ce7-a0ac-2d7b488a9117","楽天"
"c77fe426-b987-4199-810a-2b8b014a90c4","new"
"a56fa208-e500-4a0f-97f7-2c6075a2b558","hokuyaku"
"69ae92a3-a029-4a17-b91a-e085e708592f","torigai"
"49a1010a-ac56-44cc-a2b7-bb4ef764eaef","fundraising"
"3c6b7ec2-f027-4469-ba65-3d76d6c87ecf","workflow"
"dc047762-4b4d-4da9-9f48-a96811e14081","craftclip"
"15b9fd3d-c65d-48f7-8030-c47715673d72","marriage"
"34a88546-b010-430f-b846-30fc54010357","chart pattern"
"ced0cf33-8a76-47a4-97a8-67030842b4bb","monogawanest"
"e5f927b9-c858-4c1b-ad39-34aa2672559c","kessan"
"1cb813da-dbf6-4545-a674-b67aeacf2e5e","Tumblr"
"99023225-9ce8-4166-bde5-f5634022e273","Archive"
"735ca505-8ad0-48c7-9b7e-f28bfe23da43","IFTTT Dropbox"
"924c1617-cd3b-471f-9668-39a158192ae2","Skitch"
"36a4abc9-02a8-4ac2-aae0-f6683d37c27d","me"
"db868036-faed-49d7-8e09-02df150234ec","socialcamera"
"67052541-b448-46ae-a43b-bfb866134758","akaruiheya_hosting"
"a206bcc9-d190-4c5c-bdb7-04d412df5a7d","pipe"
"9da3bbc5-58d3-44a7-a6a9-1556c5429e38","amplifier"
"49fbffea-d39a-4e95-b4cd-e6a1a917ed1e","mai"
"d4e21203-1ae9-4b99-9626-f4e981a8cdda","nea"
"891b1a8d-b03a-43ef-bf10-a458df8e4c0f","groundzero"
"36ef1cc5-2916-415e-9954-a11107133c9d","tax"
"dfa7174d-0416-4a6c-8e9b-60f2f9c99a7f","lifehack"
"80e5921c-13a3-42f4-a578-d4e51ec71ccf","svarchive"
"e0c0ce0d-f3ed-4017-9a43-46351fa01b3a","svipad"
"cbda06aa-0a6a-4035-a393-246c5dfe38f7","berlinale"
"21829e33-c668-4321-a1bb-7d4f4f4f291f","sundayband"
"6b36801c-650a-44df-99d3-be91b59697e1","management"
"72a9477d-d15d-4f04-ae14-edf168a79fa1","auction"
"e9cacc6e-df59-4f47-a894-7f3a2bf47bad","rtm"
"a8d5cbf4-1109-4fa6-9303-eaafd93f36b9","backnumber"
"fc7fd2d0-7cd5-4b0e-ab20-4a1dc96c1a19","todoist"
"35bcc4e0-6cb5-4cd9-ac36-53072045e9b5","jobchange"
"48fd5a64-0453-4f2e-90ba-c5c64964793f","ftvstreaming"
"156044db-8fa7-42ff-a85d-49febdd2b669","newjit"
"38ecd3f2-d83a-4e4b-bb60-f5d22f9a5dac","newyork"
"8f1108b4-64d4-41ba-96de-c53b3db05662","aokisan"
"078ce52a-d50e-4fef-ae89-2d943edee7eb","kit"
"1ba72433-8e93-454c-a9c4-911bfb3180d8","eliminate"
"96842661-b205-457d-aeb5-82bf0e8a835d","computerenv"
"e3d8f18c-422b-40fc-883b-cc611c8c454c","sviphone"
"e29b4cad-efed-4fc4-9cff-66dc28856678","pie"
"7871c6ab-deb4-4277-add0-96754ea5371f","ampxsvx"
"2be2cc7b-0a55-4a24-81f6-2d9201d0ce14","svvs"
"b4d61f89-d6c6-4f7a-9662-f789d640d271","portfolio"
"f30a66dc-a181-4900-8c6f-dab358e3c948","cupitz"
"f728e89a-2c47-4227-b319-87bb9a6df53c","english"
"8fdad5c0-4512-476f-be9b-ab7beb630b1b","warehouse"
"d5278d92-b47b-4d71-ad90-4160e645afdc","FromInbox"
"3a15d2ef-9793-4d0f-9937-6bb6ec441a2a","st4wp"
"f3659508-711c-4b39-84c7-c30d9756b71a","storyteller"
"176c0117-984b-401f-9bfd-8a33f1969cd9","teller2"
"432f6b0b-ca3d-4433-a319-4d333e16ba8d","cloudwebapp"
"44fb6790-1b55-4eda-afca-355a7da002f7","storytellers"
"8da6b4e8-1d9d-4a95-ae57-141a78ba1873","alljson"
"54b7b572-92de-4cae-91da-9757cc5d1487","ftvweb3"
"75e78483-e28c-4762-9a37-8959fdd18779","findjob"
"30f75502-113d-4c65-adfa-da439086224d","結婚"
"55109bd1-759c-4d01-b10a-eb0a8d6950ab","stamp"
"fbe7366d-9a1b-4b95-b922-bc3739062d47","home2"
"be655475-8d7e-4b2b-8f72-6bc174751b01","OKP"
"592cefd0-5c90-4c3e-afcd-d273e411569b","korea"
"36a20ef9-a070-49c5-9151-6266b6f0cc6a","Postach.io"
"390ef2d1-8eae-43cb-b2a4-9883467ff27d","genius"
"06ef80f0-c519-4a61-ba01-7e48c5dca718","zeel"
"5e37f11c-ff60-4dfb-9851-8e714eb729c2","13"
"ffe21f65-ae09-4930-887a-7fd80c335b17","Fuji"
"de33bb04-ad3e-4749-9379-eb1f223f5e4b","melancoly"
"cd53d53c-b19b-45c6-b57b-59c14de6696b","Kato"
"1b247f9d-7fd4-404e-86a4-f37955c57215","fdigester"
"0b578e2c-77ea-4639-9177-8267c59cf9be","Cilantro"
"4926e4a8-76c3-4427-a9c9-55927130cdc2","move"
"c549f182-3563-4c2c-ba68-a3fb4e6b48c0","toNodepad"
"8792f95e-5430-4cb6-bb35-972505d9d1d5","ftv.contract"
"27ae6780-ed41-4735-8493-8f5cb723fad1","svrights"
"0917eb9e-d646-4e2a-9194-79016df3d11d","inbox"
"3b250ef2-5a44-4ae3-bb1c-25acf1118c26","Clipboard"
"df503f2f-15ef-43de-a41c-ddd557263b4b","shopper"
"0bf81608-5e1b-4948-93b0-0294dd212628","fashion"
"33f69855-55d3-46ca-8439-d91ac697bde4","svarchivetext"
"9f99b941-fed0-48ae-a371-bd7228a9dd83","cf201310"
"681dbdd0-6369-4deb-bf24-4738270ae568","svnetworked"
"373b0955-6952-4d6e-9c1c-218691cbf4d3","人材派遣の"
"843a706a-c1ca-4cb3-83aa-cc1a9bd152b6","ccna"
"f77bc287-9d70-4c73-92b1-6b707fd19d7e","ftvcampaigns"
"4204ddf2-2f0d-4a17-83ae-f436f104df03","eva_meeting"
"181544e4-78c9-4907-b119-0ecbb2c6cb61","33"
"03dd1663-8cd8-46c5-829a-ae5fe5ffcaba","courseware-evidenses"
"9beadd34-23c0-46e1-8e75-baca587f41d8","reboot_battle"
"5079779e-0d92-4e87-8707-55091a60a270","venture-draft"
"7761cbb3-3909-4336-b05b-f43a6b9657f5","superflat-book"
"a05f030b-8d55-490f-8f51-f013d974ee71","digester"
"973ad4de-9388-4ca8-9fbc-7e7cc60655bc","fashion-attendant.com"
"c7d49abc-3b25-4260-851b-264e2b890ba5","sixtree"
"1cbac03f-becd-45f8-8647-c4784f00c5b3","courseware"
"3af928e9-adf4-45d3-9ce5-e373157c0d6e","chebudgets"
"d1ce7179-7e13-43b6-8eb4-352324d2605d","startup consultat"
"c691dead-4d7b-43a0-a9ff-8602afdfafa0","cycle_kit"
"cd30c71f-74ee-42ea-92a1-0ac9ec36c48b","girlsaward"
"02a7d472-fb2e-4f41-89ed-f7fcda801109","gaform"
"a22332c1-7de3-4844-a1ea-578ebbda7eac","mbfw"
"fe73ed26-92f3-47d1-949e-7172f6772033","plate"
"d7866625-c44c-4deb-8b28-3ce68fea3991","svarchive-presen"
"5ec79f82-b16b-4859-b862-7f55297ae76f","clouddb"
"f11d0107-2cbd-47ce-91e8-7559b1a00d27","Venture"
"28cbeef5-8792-426c-9ade-fb97376364b7","streamer"
"7cb7745f-c25b-4af9-aa76-b2659de1a2be","connectingthedots"
"4d7d94eb-534b-4758-9f39-d78a1c0ee717","wp_json"
"deed59e8-0411-4bed-87d8-90b5c42feede","fscan"
"c99a952b-570b-4882-a279-d616a4d88ac3","i18n"
"a51086ce-d9fb-4aa2-849c-a7a6d7ccddc4","Wordpress"
"9823155d-6e76-4148-a975-07b901a3b58d","hint"
"f5012baa-d4b5-44b6-a76e-5a27a1c50335","apc.project"
"1f49ee12-3cd4-4d17-a8dc-33afb394bf68","people"
"fe086e42-0950-4cda-a1cc-f9151d01630b","apcsetup"
"e4b339b2-3bd3-4aa3-854b-ad120430b381","gggg"
"4788c44e-7fca-4934-a329-dcf1c4ca9f50","outkit"
"94180329-037a-417a-b1aa-4bf726ab1224","natural_cures"
"e6d935aa-c2c2-40b2-91fb-22bf83a5fc5e","tea"
"0d760efa-9f80-413a-b61a-be8d31a8e10b","Motivation"
"a8358950-c409-431d-8c6d-49d0e57d0443","management.run"
"f1d8d0b2-a468-4cea-8705-d05bdcfda778","next"
"319914ad-e142-401f-a600-ef467ac420fb","tag"
"b2bb5f40-43dd-430f-b289-92a8d773bdcb","nodepad"
"e4956d4e-1593-40b1-80e3-f415ae79a335","gtd"
"1c92f575-ca6e-4341-99a4-36bf8b6e906c","sanitarity"
"687dc6b3-ca29-49b5-8983-de92ece15cb4","food_list"
"cb19b020-1f35-4ff7-b5d8-d48a77d53bc7","organize"
"f82a5568-3a11-4145-90e7-beae31aaada8","Niwriver"
"eb5e9d35-75ab-467d-80b6-02f1a99992a7","task_management"
"2ec96817-d7f3-483d-8f3d-aef84aa7419d","cook"
"36973f38-586f-4299-90d4-6e7817ed2cb6","pomodoro"
"6d11ff6f-ffa6-4975-b520-471e96bbe362","better_sleeping"
"0c8f75d0-bb04-4796-a15a-6f0baef260ce","eat"
"b7f3c7d5-c4f7-4d33-97cb-6852254fd56f","basecamp"
"6dc7fcc7-f9cb-4f21-af46-40e32f32fd8c","shoulder"
"f6db5601-6247-4f98-87da-9d76099b4fa3","genral.body"
"a55ac752-5c6f-4f59-97cc-77a8295debf6","battery"
"c794615f-e935-4514-a0c4-1789e7fc1795","viewset"
"45055e90-5435-4956-9a9d-2b4324f898d1","vogue"
"3029e66b-28db-4b34-a9aa-a69709434213","daito"
"b159741e-ec46-449b-9662-34f3652083dd","looks"
"6589fab4-a1b7-4df3-a770-412a9ad82e69","nhkarchive"
"c6f74e67-1ded-48cb-800b-e963c9d2027f","CF201402"
"8d8ae03f-b23d-401e-aea3-67c8a303220e","morningkit"
"aed8e876-7a15-4c34-8b4b-0c49c2982867","apc"
"4f467551-b4e5-4029-b3cc-bc86a1c396d6","nts"
"f0522671-20a2-4477-ba33-dbe99681b532","travel_chance"
"d37edf7e-4dc8-4603-a255-6c6067bf2bc9","prinpadxnttls"
"0eab5dc1-0607-4888-9d8e-86d19d0eeb6c","nhkarchive.presentation"
"8703e723-9dfd-418f-b869-49bbc699ffcc","atarashiiba"
"3ce82399-5a85-4c71-a786-0116aae25c36","EverMemo"
"8bf1ca75-8ebe-448f-8342-8e4d276cdb9f","DOODRI"
"a6b58803-eabc-4de5-9ac7-e0f076fbd72c","leverage"
"d1dc2fe8-19d1-4bd8-84b1-f161483275b7","ipo"
"4e180316-6dd7-4d2f-a46b-7ea4da132ffe","Readlatrr"
"48ce437d-a071-441d-9c32-4004a6a96749","better_charging"
"c57eb281-e65d-4ff1-bc79-7e08e367f580","loaning"
"ab1944ee-6da6-4a99-9fe5-03db66e5045b","web3"
"e57f1b6b-51f1-4f7c-8d96-b7d15f5f0464","sales"
"af947e1f-e728-4204-b642-2874d9f0a7bd","iridgexrake"
"03312f5b-cc38-48bf-9950-edb24ab9d4db","body"
"24775437-889e-489b-9ae9-b77730b9bc6d","svreadability"
"7e69b1aa-81b9-4c19-9780-a77a67eeaf76","svhacked"
"ee5e9d75-cf23-48c8-b5a3-85525dfc3bf1","UI"
"3f2ca620-514e-4e95-80aa-d64ddda681f7","jcta"
"203b2a57-d749-4186-b778-23a432d1cd04","要件定義"
"9edd93f3-b9b9-44ec-a715-3d4bf891cbef","personel"
"030d799d-1c1c-4d71-8558-c7e54fa12854","kouji toukubo のノートブック"
"09df9924-0b83-453b-9690-edb647fcaae9","eliminate-time"
"fe68dd39-93ba-4789-aa43-f3041f6e993e","connectingapc"
"852ee140-2f75-4aa0-9450-fcdf469a064a","prinpad"
"31bbf0b7-a55b-4bf8-99a0-4c39fda918b3","maintenance"
"de4c02b7-e0e0-4c18-b624-1e7ff1ec1656","prinpadxmarubeni"
"d3167705-57d9-401b-b586-1d790fbed2cf","concentration"
"797d4464-87af-43f9-b1ed-a43310d90ca5","shuwa"
"ab1f4d40-57b3-4b64-a648-a415c198b88a","doitlater"
"b28ae386-2868-46d6-a6ff-69c2f4185c1d","Warehouse cleanup"
"0a493dec-3ec5-4ede-8138-dcdc7c04ad3b","Transcribe"
"68b99292-f04d-4c38-82c8-635015eefb33","Transcribed"
"32a02d8b-e3b0-4a97-90e6-dc04559a63e8","Readlater"
"546a61d9-0f03-4ef0-8b39-876f6852a09c","Hiring.apc"
"41431d0b-8074-4ed7-bb5a-d0a02a78ee4f","erp"
"dac77a0c-322d-46ce-9c0b-a3772bf4042e","Sellout"
"86ba34c5-26e9-4e9b-9134-45e7ed38c08e","ocrxui"
"a6122297-180c-457d-8367-d54226374b4c","crowdos-topuniv"
"d1d80756-a072-4495-936a-ba7fd598ca58","Organized"
"d10b30f3-cd5f-47ff-8a6f-d3396f432de4","transcription"
"d3075b25-82a3-45bd-a446-a40f08fb6be7","scheduled"
"4cb52645-fa04-4f01-90bb-e01271b88773","eliminate.eat"
"1a0b224e-793e-4f80-9f99-e2c532f11524","better_key"
"f20d743d-d59f-41b8-a72a-68e5e648e45f","better_moveever"
"14a1fdbc-4d00-414f-8036-9f41b6f03ce8","better shortcut"
"c1c992f9-a405-4743-bc78-ec5e69b2e89d","wake_early"
"e287cb77-2083-471b-8aaf-07f52d785ff2","greece"
"683449fb-61e1-468a-b7f0-10784afc8644","ejapion.com"
"b3d79def-99d2-4728-983a-7c63fa5fd3c3","better_morning"
"7170c5aa-a201-4b3c-bdba-088779e53f9d","段取り"
"da7934a0-ace4-437f-90be-5c89938d82e1","tsukuru-presentation"
"8b015fa0-eb64-48b1-aba0-f4f3af56390d","point"
"a028352c-ce44-4d16-b2a1-18df0e1b622c","deshuwa"
"7e601134-155e-45cf-942f-44da04898bee","machiappxkobe"
"e762f8c4-641c-489a-8a94-2ada9ea14ceb","sociallogistics"
"0ae0b92f-09d0-4bad-a143-bdbd55e9bc3c","digifax"
"27fcb64b-7bf7-4af1-b9da-e9cff6c446ea","SwiftKey Notes"
"f5a42c30-ab37-4e6f-957c-631879cb90fe","Glue"
"d749f552-3d36-4627-8ebc-b413f0887603","Fscan_hosting"
"b3c6e103-3ded-4f5c-9d99-a4e89cbabc33","kitcheninbox"
"49e1a011-53ad-4ee1-a9e0-0962faa81262","better_noding"
"d359e657-92ad-46b6-9563-375f6f3c86e0","thinkstream"
"f993fd55-4817-4506-b7e3-571f67069afb","Denpu"
"7be9de02-7335-4054-8b90-4e18017c5e38","Kana"
"0a79f6c6-250f-4f32-ae51-70ffb38f9ad2","Stomuch"
"d161fdc9-e160-49ca-a98b-4ecfbb72cf93","Cf"
"d9a272ca-1ffa-480c-ae6c-202fd468610f","fscan/DIRECTION"
"ffc0a988-3696-461c-961a-19139094d903","b2e"
"7bb77b34-e2f6-4ad6-a562-375752c0c846","better_dddd"
